id,title,text,url,wiki_id,views,paragraph_id,langs,text_length,word_count,prompt_token_count,original_paraphrase,corrected_paraphrase,complexity_level,removed_info,added_info,corrected_info,adjusted_complexity,corrected_language,hallucination_in_origin
251309,Panzerfaust 3,"1978 erhielt die damalige Dynamit-Nobel AG den Entwicklungsauftrag, 1986 begannen die ersten Truppenversuche, 1992 wurde schließlich die Panzerfaust 3 offiziell eingeführt.",https://de.wikipedia.org/wiki?curid=1227992,1227992,1398.645263671875,2,17,172,21,1483,"Die Firma machte eine besondere Aufgabe schon im Jahr 1978. Sie entwickelte eine neue Panzerfaust. Das ist eine Waffe für das Militär. Die Soldaten begannen 1986, sie auszuprobieren. 1992 durften sie die Panzerfaust dann benutzen.","Die Firma Dynamit-Nobel AG machte eine besondere Aufgabe schon im Jahr 1978. Sie entwickelte eine neue Panzerfaust. Das ist eine Waffe für das Militär. Die Soldaten begannen 1986, sie auszuprobieren. 1992 durften sie die Panzerfaust dann benutzen.",1,False,True,False,False,False,False
167417,Verschwörungstheorie,"Neben einer solchen geringen Selbstwirksamkeit und der Wahrnehmung, keine Kontrolle über relevante Entwicklungen zu haben, erwies sich in den Untersuchungen der amerikanischen Politikwissenschaftler Joseph E. Uscinski und Joseph M. Parent der Bildungsgrad als signifikanter Faktor bei der Wahrscheinlichkeit, an Verschwörungstheorien zu glauben: Während etwa 40 % der Probanden ohne High-School-Abschluss eine hohe Neigung dazu aufwiesen, an Verschwörungstheorien zu glauben, war der entsprechende Anteil von Personen mit einem Hochschulabschluss ""(Postgraduates)"" deutlich unter 30 %.",https://de.wikipedia.org/wiki?curid=33628,33628,1591.0882568359375,120,82,585,73,1592,"Manche Leute glauben an Verschwörungstheorien. Das sind Ideen, dass etwas geheim passiert. Forscher haben herausgefunden, dass Menschen, die nicht so viel Schule gemacht haben, öfter an diese Theorien glauben. Wenn man mehr in der Schule lernt, glaubt man weniger oft daran.","Manche Leute glauben an Verschwörungstheorien. Das sind Ideen, dass etwas geheim passiert. Forscher sagen: Menschen mit wenig Schulbildung glauben öfter an diese Theorien. Menschen mit viel Schulbildung glauben weniger daran.",1,False,False,False,True,False,False
391890,Autonome Region Kurdistan,"Fällt ein arbeitsfreier Tag auf einen Freitag oder Samstag, dann wird der folgende Werktag als arbeitsfreier Tag deklariert.",https://de.wikipedia.org/wiki?curid=3240627,3240627,1183.9278564453125,105,85,124,18,1462,"Wenn ein Feiertag auf einen Freitag oder Samstag fällt, dann ist der nächste Tag, an dem man normalerweise arbeitet, auch ein freier Tag.","Ein Werktag ist ein Tag an dem man arbeitet. An manchen Tagen muss man nicht arbeiten. Diese Tage nennt man arbeitsfreie Tage. Wenn Freitag oder Samstag ein arbeitsfreier Tag ist, hat man auch am nächsten Werktag frei.",1,False,False,False,True,False,False
128174,Neandertaler,"Die Gründe für das Aussterben der Neandertaler sind umstritten. Archäologische Belege für kriegerische Handlungen zwischen Neandertalern und anatomisch modernen Menschen gibt es ebenso wenig wie Anzeichen für eine sehr rasche Verdrängung der Neandertaler durch den anatomisch modernen Menschen. Im Gegenteil: Bard et al. (2020) wiesen nach, dass Neandertaler und anatomisch moderner Mensch für etwa 3960 ± 710 Jahre gemeinsam in Europa existierten.",https://de.wikipedia.org/wiki?curid=10869,10869,1720.775146484375,93,105,448,62,1548,"Es ist nicht genau klar, warum die Neandertaler nicht mehr da sind. Es gab keine Kämpfe zwischen den Neandertalern und den Menschen von heute. Die Neandertaler und die Menschen von heute haben viele Jahre zusammen gelebt.","Es ist nicht genau klar, warum die Neandertaler nicht mehr da sind. Die Neandertaler und die Menschen von heute haben viele Jahre zusammen gelebt.",1,True,False,False,False,False,True
731955,Synchronmaschine,"Die Weiterentwicklung der Synchronmaschine hing stark mit dem Ausbau der elektrischen Energieversorgung im Rahmen der Elektrifizierung und dem Bedarf von immer leistungsstärkeren Generatoren zusammen. Zuerst entstanden Einzelpol- beziehungsweise Schenkelpolmaschinen, da diese geeignet waren, mit den langsamlaufenden Kolbendampfmaschinen als Antriebsmaschine Elektrizität zu erzeugen. Als die Dampfturbinen die Kolbendampfmaschinen ersetzten, kamen die schnelllaufenden walzenförmigen Vollpolläufer zum Einsatz.",https://de.wikipedia.org/wiki?curid=12690,12690,856.4306030273438,5,6,512,55,1580,"Früher gab es große Maschinen, die Strom gemacht haben. Diese Maschinen liefen langsam und passten gut zu großen Dampfmaschinen. Dann wurden neue Schnellere Maschinen gebaut, die mit Dampfturbinen liefen und noch mehr Strom machen konnten.","Früher gab es große Maschinen, die Strom gemacht haben. Diese Maschinen liefen langsam und passten gut zu großen Dampfmaschinen. Dann wurden neue schnellere Maschinen gebaut, die mit Dampfturbinen liefen und noch mehr Strom machen konnten.",1,False,False,False,False,True,False
399184,Kleinmachnow,"Der Teltowkanal bildet die Grenze zwischen den Gemeinden Kleinmachnow, Stahnsdorf und Teltow sowie Berlin und Potsdam. Er wird bisher wenig für Naherholung, Freizeit und Wassersport genutzt. Die Interessengemeinschaft Teltowkanalaue strebt die Neuanlage durchgängiger Wander- und Radwege zwischen dem S-Bahnhof Teltow-Stadt und dem Potsdamer S-Bahnhof Griebnitzsee an. Durch die Anlage eines interkommunalen Grünzugs sollen Gemeindegrenzen überwunden und die regionale Zusammenarbeit der drei Gemeinden gestärkt werden. Die Teltowkanalaue ist integraler Bestandteil des räumlich übergreifenden Regionalparks ""TeltowPark"".",https://de.wikipedia.org/wiki?curid=185827,185827,1174.3795166015625,40,33,621,74,1611,"Der Teltowkanal ist ein Wasserweg. Er liegt zwischen Kleinmachnow, Stahnsdorf, Teltow, Berlin und Potsdam. Man kann dort spazieren gehen oder Rad fahren. Die Menschen möchten dort mehr Wege machen, damit alle besser zusammenarbeiten können.","Der Teltowkanal ist eine Grenze zwischen einigen Orten wie Berlin und Potsdam. Er ist nicht sehr beliebt für Ausflüge und Sport. Eine Gruppe möchte dort Wege für Spaziergänge und Radfahren bauen. Diese Wege sollen von einem Bahnhof zum anderen gehen. Sie wollen, dass die Orte besser zusammenarbeiten.",1,True,False,True,True,False,True
24080,Breaking Bad,"In einer E-Mail an den Hauptdarsteller brachte Oscar-Preisträger Anthony Hopkins seine Begeisterung für ""Breaking Bad"" zum Ausdruck und lobte Cranstons darstellerische Leistung als die „beste Vorstellung eines Schauspielers, die er jemals gesehen habe“.",https://de.wikipedia.org/wiki?curid=3594967,3594967,2371.55712890625,64,80,253,33,1495,"Anthony Hopkins schrieb eine E-Mail. Er mag die Fernsehserie 'Breaking Bad' sehr. Er findet, dass der Schauspieler Bryan Cranston sehr gut spielt. Er sagt, es sei das Beste, was er je gesehen hat.","Anthony Hopkins schrieb eine E-Mail. Er mag die Fernsehserie 'Breaking Bad' sehr. Er findet, dass der Schauspieler Bryan Cranston sehr gut spielt. Er sagt, der Schauspieler spielt besser als jeder andere.",1,False,True,True,True,False,True
276280,Olsenbande,"Die sprachliche Qualität der DEFA-Synchronfassungen gilt als gelungen und trug damit zum Erfolg in der DDR bei. Auch ihre Synchronsprecher stießen auf großes Interesse bei den Fans. So traten die drei Hauptdarsteller Sprogøe, Grunwald und Bundgaard 1982 gemeinsam mit ihren deutschen Sprechern Oppel, Dommisch und Köster in der DDR-Fernsehsendung ""Nacht der Prominenten"" (das Konzept ähnelte ""Stars in der Manege"") auf.",https://de.wikipedia.org/wiki?curid=54203,54203,1355.7484130859375,95,9,419,60,1549,"Die Filme der DEFA wurden von Sprechern mit tollen Stimmen gesprochen. Diese Sprecher waren bei den Fans sehr beliebt. Einmal waren die Schauspieler Sprogøe, Grunwald und Bundgaard mit ihren Sprechern Oppel, Dommisch und Köster im DDR-Fernsehen. Sie waren in einer großen Fernsehshow, die war wie ein Zirkus.","In der DDR gab es Filme. Diese Filme klangen gut, weil die Synchronsprecher sehr gut sprachen. Ein Synchronsprecher spricht die Worte in einem Film in einer anderen Sprache. Viele Menschen mochten die Stimmen der Synchronsprecher. Drei bekannte Schauspieler kamen 1982 mit ihren deutschen Synchronsprechern im DDR-Fernsehen. Sie waren in einer Show, die vielen gefiel.",1,False,True,False,True,False,True
546477,Strafprozess gegen O. J. Simpson,"Die Staatsanwaltschaft legte keine direkten Beweise für die Schuld des Angeklagten vor. Es fanden sich trotz intensiver Befragung aller Nachbarn keine Augenzeugen für die Tat. Die Ermittler fanden außerdem weder die Tatwaffe noch Simpsons Fingerabdrücke am Tatort. Trotzdem behauptete die Anklage, die Beweislast gegen Simpson sei geradezu erdrückend (""an ocean of evidence""). Um eine Verurteilung zu erreichen, konzentrierte sich die Hauptanklägerin Marcia Clark auf das vorliegende Mordmotiv, Simpsons fehlendes Alibi und die von den Ermittlungsbehörden sichergestellten forensischen Indizien.",https://de.wikipedia.org/wiki?curid=8917976,8917976,1012.2000732421876,22,23,595,78,1601,"Es gab keinen direkten Beweis, dass die Person, die angeklagt war, etwas Schlimmes getan hat. Keiner der Nachbarn hat etwas gesehen. Es gab keine Waffe und keine Fingerabdrücke von der Person am Ort, wo es passiert ist. Trotzdem sagte die Anwältin, es gibt viele Beweise, dass die Person schuldig ist. Die Anwältin hat versucht zu zeigen, dass die Person keinen guten Grund hatte, nicht am Ort zu sein, als es passierte.","Die Person wurde angeklagt, weil sie angeblich etwas Böses getan hat. Aber es gibt keine Beweise dafür. Kein Nachbar hat etwas gesehen. Es gab keine Waffe oder Fingerabdrücke von Simpson am Tatort. Trotzdem sagen Leute, dass er schuld ist. Niemand kann sagen, wo Simpson damals war. Deswegen wollen sie, dass er verurteilt wird.“",1,False,False,False,True,False,False
170375,Frank Zappa,"In ihrer Autobiografie schildert Jefferson-Airplane-Sängerin Grace Slick, dass Zappa sich über die ganze Gegenkultur „unverblümt lustig“ gemacht habe, „die er ja doch mit am Laufen hielt“. Zappa-Biograf Barry Miles schlussfolgert, Zappa sei nie ein Hippie gewesen, eher ein später Beatnik – ein Einzelgänger und ein „Mitreisender, der auf einem parallelen Kurs unterwegs war: alleine“.",https://de.wikipedia.org/wiki?curid=37382,37382,1582.4744873046875,97,76,385,54,1541,"Grace Slick, eine Sängerin, hat in einem Buch über Zappa geschrieben. Sie sagt, Zappa hat über viele Menschen Witze gemacht. Er fand die Hippies nicht gut. Aber er hat auch dazu gehört.","Grace Slick, eine Sängerin, hat über Zappa geschrieben. Sie sagt, Zappa hat sich über die Hippies lustig gemacht. Er war kein Hippie. Er war anders und alleine.",1,False,False,True,False,False,True
402813,Royal Air Force,Am 1. September 1939 hatte die Wehrmacht den Überfall auf Polen begonnen. Großbritannien und Frankreich erklärten dem Deutschen Reich daraufhin nach Ablauf eines Ultimatums am 3. September 1939 gemeinsam den Krieg.,https://de.wikipedia.org/wiki?curid=64567,64567,1169.9439697265625,9,60,214,31,1490,"Am 1. September lange her, griffen deutsche Soldaten Polen an. Danach sagten Großbritannien und Frankreich, dass sie gegen Deutschland kämpfen wollen.","Am 1. September 1939 griffen deutsche Soldaten Polen an. Danach sagten Großbritannien und Frankreich, dass sie gegen Deutschland kämpfen wollen.",1,False,False,False,False,True,False
43862,Sezessionskrieg,"Oberst Streight beabsichtigte, die Verbindungslinien Braggs im nördlichen Alabama und Georgia zu unterbrechen. Er wurde von Forrest gestellt.",https://de.wikipedia.org/wiki?curid=11391,11391,2133.5947265625,154,144,141,18,1466,Oberst Streight wollte die Verbindungswege des feindlichen Generals Bragg in Alabama und Georgia zerstören. Forrest hat ihn jedoch aufgehalten.,Oberst Streight wollte die Verbindungswege des feindlichen Generals Bragg in Alabama und Georgia blockieren. Forrest hat ihn jedoch aufgehalten.,2,False,False,False,True,False,False
402813,Royal Air Force,Am 1. September 1939 hatte die Wehrmacht den Überfall auf Polen begonnen. Großbritannien und Frankreich erklärten dem Deutschen Reich daraufhin nach Ablauf eines Ultimatums am 3. September 1939 gemeinsam den Krieg.,https://de.wikipedia.org/wiki?curid=64567,64567,1169.9439697265625,9,60,214,31,1490,"Am 1. September 1939 begann Deutschland Polen anzugreifen. Großbritannien und Frankreich, waren nicht einverstanden und erklärten Deutschland am 3. September den Krieg.",Am 1. September 1939 begann Deutschland Polen anzugreifen. Großbritannien und Frankreich waren nicht einverstanden und erklärten Deutschland am 3. September den Krieg.,2,False,False,False,False,True,False
711303,Hindi,"Der bloße Stamm wird vor den Hilfsverben zur Bildung von Verlaufsform und Perfekt verwendet, außerdem noch zur Bildung des tū-Imperativs (siehe Abschnitt Imperativ).",https://de.wikipedia.org/wiki?curid=26951,26951,872.761474609375,47,176,165,23,1475,"In der deutschen Sprache benutzen wir den Stamm eines Verbs, um verschiedene Formen zu bilden. Der Stamm ist wichtig, um zu erklären, dass etwas gerade passiert oder schon passiert ist. Zum Beispiel benutzen wir den Stamm, um Sätze zu bilden wie 'Ich mache gerade...' oder 'Ich habe gemacht...'. Der Stamm wird auch verwendet, um Befehle zu geben, wie ‘Mach das!’.","Wir verwenden den Grundstamm eines Wortes, um Sätze zu bilden, die zeigen, dass etwas jetzt passiert oder schon fertig ist. Dieser Stamm hilft uns auch, Befehle zu geben.",2,True,False,False,True,False,True
701856,Disenchantment,"Der jähzornige und dennoch liebevolle König von Dreamland, der von der Bevölkerung gefürchtet und zugleich gefeiert wird. Er kam an die Macht, nachdem sein älterer Bruder ermordet wurde. Er ist in zweiter Ehe verheiratet, nachdem seine erste Frau, die Mutter von Bean, versteinert wurde.",https://de.wikipedia.org/wiki?curid=10414490,10414490,879.6292114257812,8,36,287,44,1517,"Der König von Dreamland, der für seinen Jähzorn bekannt ist, wird gleichzeitig von seinen Untertanen gefürchtet und verehrt. Er kam an die Macht, indem er seinem ermordeten älteren Bruder nachfolgte. Derzeit ist er in seiner zweiten Ehe verheiratet, nachdem seine erste Frau, die Mutter seiner Tochter Bean, auf mysteriöse Weise zu Stein geworden ist.","Der König von Dreamland, der für seinen Jähzorn bekannt ist, wird gleichzeitig von seinen Untertanen gefürchtet und verehrt. Er kam an die Macht, indem er seinem ermordeten älteren Bruder nachfolgte. Derzeit ist er in seiner zweiten Ehe verheiratet, nachdem seine erste Frau, die Mutter seiner Tochter Bean, zu Stein geworden ist.",3,True,False,False,False,False,True
711303,Hindi,"Der bloße Stamm wird vor den Hilfsverben zur Bildung von Verlaufsform und Perfekt verwendet, außerdem noch zur Bildung des tū-Imperativs (siehe Abschnitt Imperativ).",https://de.wikipedia.org/wiki?curid=26951,26951,872.761474609375,47,176,165,23,1475,"Der Stamm eines Verbs wird in der deutschen Grammatik genutzt, um verschiedene Zeitformen zu formen, wie die Verlaufsform und das Perfekt. Der Stamm ist der Grundteil des Verbs, ohne Endungen. Er wird auch verwendet, um Befehle zu geben. Das wird besonders klar in der Form des tu-Imperativs, der für Befehle eingesetzt wird.","Der Grundstamm eines Verbs wird verwendet, um anzuzeigen, dass eine Handlung im Gange ist oder abgeschlossen wurde. Zudem dient er dazu, Befehle zu formulieren, wie es im Abschnitt über Imperative beschrieben wird.",3,True,False,False,True,False,True
640408,Figuren aus Die Simpsons,"Charlie ist ein Mitarbeiter im Atomkraftwerk. Er ist ein ziemlicher Pechvogel, spielt gerne mit Atommüll, wurde jedoch als Aufseher für radioaktive Strahlung ausgebildet. Einmal erwähnt er, dass er eine Schwester habe.",https://de.wikipedia.org/wiki?curid=121630,121630,927.4449462890624,19,33,218,31,1491,"Charlie arbeitet im Atomkraftwerk und ist speziell dafür ausgebildet, radioaktive Strahlen zu überwachen. Er ist bekannt dafür, dass ihm oft Missgeschicke passieren, besonders wenn er mit Atomabfällen hantiert. Charlie hat auch eine Schwester, die er manchmal erwähnt.","Charlie arbeitet im Atomkraftwerk und ist speziell dafür ausgebildet, radioaktive Strahlen zu überwachen. Er ist bekannt dafür, dass ihm oft Missgeschicke passieren, besonders wenn er mit Atomabfällen hantiert. Charlie hat auch eine Schwester, die er einmal erwähnte.",3,False,False,False,False,True,False
783405,Altersfreigabe,"Gemäß ORF-Gesetz sowie gemäß dem für Privatsender geltenden Privatfernsehgesetz ist bei Fernsehsendungen, welche die körperliche, geistige oder sittliche Entwicklung von Minderjährigen beeinträchtigen können, durch die Wahl der Sendezeit oder sonstige Maßnahmen dafür zu sorgen, dass diese Sendungen von Minderjährigen üblicherweise nicht gesehen oder gehört werden. Die unverschlüsselte Ausstrahlung von nicht kinder- und jugendtauglichen Sendungen ist durch akustische Zeichen anzukündigen oder durch optische Mittel während der gesamten Sendung kenntlich zu machen.",https://de.wikipedia.org/wiki?curid=139448,139448,818.4334716796875,22,31,568,70,1582,"Gemäß den gesetzlichen Bestimmungen, sowohl des ORF-Gesetzes als auch des Privatfernsehgesetzes, müssen Fernsehsendungen, die potenziell nachteilig für die Entwicklung von Minderjährigen sein könnten, so getimt werden, dass sie außerhalb der üblichen Sehzeiten von Kindern liegen. Zusätzlich ist eine Kennzeichnung durch akustische oder optische Hilfsmittel während der Sendung erforderlich.","Gemäß den gesetzlichen Bestimmungen, sowohl des ORF-Gesetzes als auch des Privatfernsehgesetzes, müssen Fernsehsendungen, die potenziell nachteilig für die Entwicklung von Minderjährigen sein könnten, so geplant werden, dass sie außerhalb der üblichen Sehzeiten von Kindern liegen. Zusätzlich ist eine Kennzeichnung durch akustische oder optische Hilfsmittel während der Sendung erforderlich.",4,False,False,False,False,True,False
705534,Mehrzweckkampfflugzeug,"Das erste so bezeichnete Kampfflugzeug ist der Panavia Tornado, der – je nach Ausstattung und Bewaffnung – als Jagdbomber, Jagdaufklärer oder Luftüberlegenheitsjäger eingesetzt werden kann. Um die alternde Lockheed F-104 zu ersetzen, schlossen sich zahlreiche Nutzerländer zusammen und initiierten das ""multirole aircraft (MRA)""-Programm, das später zum ""multirole combat aircraft"" umbenannt wurde und zur Gründung der Panavia Aircraft GmbH (mit deutscher, italienischer, niederländischer und britischer Beteiligung) im Jahre 1969 führte.",https://de.wikipedia.org/wiki?curid=875859,875859,877.5647583007812,1,34,538,69,1578,"Der Panavia Tornado repräsentiert das erste sogenannte Mehrzweckkampfflugzeug, das depending on its configuration, in verschiedenen militärischen Rollen eingesetzt werden kann, beispielsweise als Jagdbomber oder Aufklärer. Um die veraltete Lockheed F-104 zu ersetzen, initiierten mehrere Nutzerländer ein Entwicklungsvorhaben, das im Jahr 1969 zur Gründung der Panavia Aircraft GmbH führte, an der Deutschland, Italien, die Niederlande und Großbritannien beteiligt waren.","Der Panavia Tornado repräsentiert das erste sogenannte Mehrzweckkampfflugzeug, das je nach Konfiguration in verschiedenen militärischen Rollen eingesetzt werden kann, beispielsweise als Jagdbomber oder Aufklärer. Um die veraltete Lockheed F-104 zu ersetzen, initiierten mehrere Nutzerländer ein Entwicklungsvorhaben, das im Jahr 1969 zur Gründung der Panavia Aircraft GmbH führte, an der Deutschland, Italien, die Niederlande und Großbritannien beteiligt waren.",4,False,False,False,False,True,False
711303,Hindi,"Der bloße Stamm wird vor den Hilfsverben zur Bildung von Verlaufsform und Perfekt verwendet, außerdem noch zur Bildung des tū-Imperativs (siehe Abschnitt Imperativ).",https://de.wikipedia.org/wiki?curid=26951,26951,872.761474609375,47,176,165,23,1475,"In der deutschen Grammatik spielt der Stamm eines Verbs eine zentrale Rolle bei der Bildung der Verlaufsform und der Perfektform, die genutzt werden, um gegenwärtige oder abgeschlossene Aktionen auszudrücken. Zusätzlich ist der Stamm essenziell für die Bildung des tū-Imperativs, einer speziellen Befehlsform. Details dazu finden sich im Abschnitt über den Imperativ.","In der Grammatik nutzen wir den Grundstamm eines Verbs zusammen mit Hilfsverben, um progressive und perfekte Zeiten zu bilden. Dieser Stamm wird auch für die Konstruktion von Befehlen im tū-Imperativ verwendet, wie im entsprechenden Abschnitt des Imperativs erläutert.",4,True,False,False,True,False,True
640408,Figuren aus Die Simpsons,"Charlie ist ein Mitarbeiter im Atomkraftwerk. Er ist ein ziemlicher Pechvogel, spielt gerne mit Atommüll, wurde jedoch als Aufseher für radioaktive Strahlung ausgebildet. Einmal erwähnt er, dass er eine Schwester habe.",https://de.wikipedia.org/wiki?curid=121630,121630,927.4449462890624,19,33,218,31,1491,"Charlie ist ein Angestellter in einem Atomkraftwerk, wo er die Aufgabe hat, radioaktive Strahlung zu überwachen. Trotz seiner wichtigen Rolle als Sicherheitsaufseher ist Charlie als Pechvogel bekannt, und er neigt dazu, mit Atomabfällen leichtsinnig umzugehen. Zudem erwähnt er gelegentlich, dass er eine Schwester hat.","Charlie ist ein Angestellter in einem Atomkraftwerk, wo er die Aufgabe hat, radioaktive Strahlung zu überwachen. Trotz seiner wichtigen Rolle als Sicherheitsaufseher ist Charlie als Pechvogel bekannt, und er neigt dazu, mit Atomabfällen leichtsinnig umzugehen. Zudem erwähnt er einmal, dass er eine Schwester hat.",4,False,False,True,False,False,True
363508,Burning Man,Wegen der COVID-19-Pandemie in den Vereinigten Staaten wurde die Veranstaltung 2020 und 2021 abgesagt.,https://de.wikipedia.org/wiki?curid=310757,310757,1222.605712890625,4,32,102,14,1460,Wegen der anhaltenden COVID-19-Pandemie in den Vereinigten Staaten fanden die geplanten Veranstaltungen in den Jahren 2020 und 2021 nicht statt.,Wegen der anhaltenden COVID-19-Pandemie in den Vereinigten Staaten fand die geplante Veranstaltung in den Jahren 2020 und 2021 nicht statt.,4,False,False,True,False,False,True
251309,Panzerfaust 3,"1978 erhielt die damalige Dynamit-Nobel AG den Entwicklungsauftrag, 1986 begannen die ersten Truppenversuche, 1992 wurde schließlich die Panzerfaust 3 offiziell eingeführt.",https://de.wikipedia.org/wiki?curid=1227992,1227992,1398.645263671875,2,17,172,21,1483,"1978 erteilte man der Dynamit-Nobel AG den Entwicklungsvertrag für die Panzerfaust 3, ein fahrzeuggestütztes Anti-Panzer-Waffensystem. Infolge intensiver Forschungs- und Entwicklungsphasen begannen 1986 die ersten Feldevaluierungen zusammen mit Militäreinheiten. Die endgültige Integration und Indienststellung im deutschen Heer erfolgte schließlich 1992 nach positiv abgeschlossenen Truppenversuchen und strategischen Bewertungen.","1978 erteilte man der Dynamit-Nobel AG den Entwicklungsvertrag für die Panzerfaust 3, ein Anti-Panzer-Waffensystem. Infolge intensiver Forschungs- und Entwicklungsphasen begannen 1986 die ersten Feldevaluierungen zusammen mit Militäreinheiten. Die endgültige Integration und Indienststellung im deutschen Heer erfolgte schließlich 1992.",5,True,False,False,False,False,True
701856,Disenchantment,"Der jähzornige und dennoch liebevolle König von Dreamland, der von der Bevölkerung gefürchtet und zugleich gefeiert wird. Er kam an die Macht, nachdem sein älterer Bruder ermordet wurde. Er ist in zweiter Ehe verheiratet, nachdem seine erste Frau, die Mutter von Bean, versteinert wurde.",https://de.wikipedia.org/wiki?curid=10414490,10414490,879.6292114257812,8,36,287,44,1517,"Der monarchische Führer von Dreamland, der trotz seiner Neigung zu plötzlichen Zornesausbrüchen als liebevolle Persönlichkeit beschrieben wird, steht sowohl im Fokus von Furcht als auch von Verehrung der Bevölkerung. Seine Machtübernahme erfolgte nach dem gewaltsamen Tod seines Vorgängers, seines älteren Bruders. Der König vollzog eine zweite Heirat, nachdem seine erste Gemahlin, die Mutter seiner Tochter Bean, auf unerklärliche Weise petrifiziert wurde.","Der monarchische Führer von Dreamland, der trotz seiner Neigung zu plötzlichen Zornesausbrüchen als liebevolle Persönlichkeit beschrieben wird, steht sowohl im Fokus von Furcht als auch von Verehrung der Bevölkerung. Seine Machtübernahme erfolgte nach dem gewaltsamen Tod seines Vorgängers, seines älteren Bruders. Der König vollzog eine zweite Heirat, nachdem seine erste Gemahlin, die Mutter seiner Tochter Bean, petrifiziert wurde.",5,True,False,False,False,False,True
128174,Neandertaler,"Die Gründe für das Aussterben der Neandertaler sind umstritten. Archäologische Belege für kriegerische Handlungen zwischen Neandertalern und anatomisch modernen Menschen gibt es ebenso wenig wie Anzeichen für eine sehr rasche Verdrängung der Neandertaler durch den anatomisch modernen Menschen. Im Gegenteil: Bard et al. (2020) wiesen nach, dass Neandertaler und anatomisch moderner Mensch für etwa 3960 ± 710 Jahre gemeinsam in Europa existierten.",https://de.wikipedia.org/wiki?curid=10869,10869,1720.775146484375,93,105,448,62,1548,"Die Gründe für das Aussterben der Neandertaler bleiben in der wissenschaftlichen Gemeinschaft umstritten. Aktuelle archäologische Evidenzen entkräften die These gewaltsamer Konflikte zwischen Neandertalern und anatomisch modernen Menschen. Vielmehr belegen Forschungsarbeiten wie jene von Bard et al. (2020), dass eine Koexistenz beider Spezies in Europa über einen Zeitraum von ungefähr 4000 Jahren hinweg stattfand.","Die Gründe für das Aussterben der Neandertaler bleiben in der wissenschaftlichen Gemeinschaft umstritten. Aktuelle archäologische Evidenzen entkräften die These gewaltsamer Konflikte zwischen Neandertalern und anatomisch modernen Menschen. Vielmehr belegen Forschungsarbeiten wie jene von Bard et al. (2020), dass eine Koexistenz beider Spezies in Europa über einen Zeitraum von etwa 3960 ± 710 Jahren hinweg stattfand.",5,False,False,False,True,False,False
399184,Kleinmachnow,"Der Teltowkanal bildet die Grenze zwischen den Gemeinden Kleinmachnow, Stahnsdorf und Teltow sowie Berlin und Potsdam. Er wird bisher wenig für Naherholung, Freizeit und Wassersport genutzt. Die Interessengemeinschaft Teltowkanalaue strebt die Neuanlage durchgängiger Wander- und Radwege zwischen dem S-Bahnhof Teltow-Stadt und dem Potsdamer S-Bahnhof Griebnitzsee an. Durch die Anlage eines interkommunalen Grünzugs sollen Gemeindegrenzen überwunden und die regionale Zusammenarbeit der drei Gemeinden gestärkt werden. Die Teltowkanalaue ist integraler Bestandteil des räumlich übergreifenden Regionalparks ""TeltowPark"".",https://de.wikipedia.org/wiki?curid=185827,185827,1174.3795166015625,40,33,621,74,1611,"Der Teltowkanal, der die administrative Grenze zwischen den Gemeinden Kleinmachnow, Stahnsdorf, Teltow sowie den Metropolen Berlin und Potsdam markiert, wird derzeit nur marginal für Freizeitaktivitäten genutzt. Angesichts dieses Untergenutzten Potentials strebt die Interessengemeinschaft Teltowkanalaue die Implementierung eines Netzwerks an kontinuierlichen Wander- und Fahrradwegen an, um die interkommunale Kohäsion zu stärken und einen synergetischen Austausch zwischen den involvierten Gemeinden im Rahmen des übergeordneten Konzepts des Regionalparks 'TeltowPark' zu katalysieren.","Der Teltowkanal, der die administrative Grenze zwischen den Gemeinden Kleinmachnow, Stahnsdorf, Teltow sowie den Metropolen Berlin und Potsdam markiert, wird derzeit nur marginal für Freizeitaktivitäten genutzt. Angesichts dieses ungenutzten Potentials strebt die Interessengemeinschaft Teltowkanalaue die Implementierung eines Netzwerks an kontinuierlichen Wander- und Fahrradwegen an, um die interkommunale Kohäsion zu stärken und einen synergetischen Austausch zwischen den involvierten Gemeinden im Rahmen des übergeordneten Konzepts des Regionalparks 'TeltowPark' zu katalysieren.",5,False,False,False,False,True,False
676165,Pfefferminze,Pfefferminztee ist als Erfrischungsgetränk verbreitet. Dabei werden frische oder getrocknete Blätter der Pflanze mit heißem Wasser übergossen. Der Geschmack wird durch die ätherischen Öle und die schwach adstringierende Geschmackswirkung der Gerbstoffe bestimmt. Auch bei Daueranwendung sind schädliche Effekte nicht zu erwarten.,https://de.wikipedia.org/wiki?curid=104838,104838,898.5228881835938,9,69,329,41,1526,"Pfefferminztee, ein verbreitetes Erfrischungsgetränk, wird durch Infusion von heißem Wasser in frische oder deshydrierte Blätter der Mentha piperita plant erzeugale.Name. Die Geschmackskomposition wird vorrangig durch die flüchtigen ätherischen Öle sowie die mild adstringierenden Eigenschaften der enthaltenen Tannine definiert. Langzeitanwendungen von Pfefferminztee haben gemäß Studien keine negativen gesundheitlichen Auswirkungen.","Pfefferminztee, ein verbreitetes Erfrischungsgetränk, wird durch Infusion von heißem Wasser in frische oder dehydrierte Blätter der Mentha piperita gewonnen. Die Geschmackskomposition wird vorrangig durch die flüchtigen ätherischen Öle sowie die mild adstringierenden Eigenschaften der enthaltenen Tannine definiert. Laut vorhandener toxikologischer Einschätzungen sind auch bei prolongierter Applikation keine negativen Effekte auf die Gesundheit zu antizipieren.",5,False,False,True,True,True,True
213476,Ermordung der Zarenfamilie,"Nach seiner Abdankung kehrte Nikolaus II. am 9. März 1917 zu seiner Frau Alexandra Fjodorowna und seinen Kindern Olga, Tatjana, Maria, Anastasia und Alexei nach Zarskoje Selo zurück. Dort wurde die Zarenfamilie samt ihrem Gefolge unter Hausarrest gestellt. Abgesehen von der eingeschränkten Bewegungsfreiheit hatte die Familie wenig Entbehrungen zu erleiden. Man vertrieb sich die Zeit mit Gartenarbeit und kurzen Spaziergängen im Garten des Alexanderpalastes.",https://de.wikipedia.org/wiki?curid=1328291,1328291,1477.5281982421875,25,38,460,64,1560,"Am 9. März 1917 kehrte der abgedankte Zar Nikolaus II., begleitet von einer starken Sehnsucht nach familiärer Geborgenheit, zu seiner Gattin Alexandra Fjodorowna und seinen Nachkommen zurück. Das Exil der Zarenfamilie in Zarskoje Selo war ein Akt bürgerlicher Zügelung, äußerte sich jedoch vornehmlich durch einen Hausarrest, der eine gewisse Mobilität im botanischen Bereich des Alexanderpalastes zuließ. In dieser reduzierten Freiheit fanden die Familienmitglieder Trost in gärtnerischen Tätigkeiten und sporadischen Promenaden.","Am 9. März 1917, nach seiner formellen Abdankung, kehrte Nikolaus II. zu seiner Familie zurück, die in Zarskoje Selo im Alexanderpalast residierte. Die Zarenfamilie, bestehend aus seiner Frau Alexandra und den Kindern Olga, Tatjana, Maria, Anastasia und Alexei, wurde unter strengen Hausarrest gestellt. Trotz der Einschränkungen der Bewegungsfreiheit mangelte es der Familie nicht an grundlegenden Bedürfnissen. Sie widmeten sich der Gartenarbeit und gelegentlichen Spaziergängen innerhalb der Palastgärten, um die Monotonie zu durchbrechen.",5,True,False,False,False,False,True
779537,Sophie Hunger,"Der Regisseur Micha Lewinsky bot Sophie Hunger 2007 an, eine Rolle in seinem Film ""Der Freund"" zu übernehmen. Sie lehnte zunächst ab, bot aber an, die Filmmusik zu komponieren. Hunger schrieb daraufhin zusammen mit Marcel Vaid (Superterz) den Soundtrack und übernahm im Gegenzug dann doch die von Lewinsky vorgeschlagene Nebenrolle. ""Der Freund"" wurde im Januar 2008 veröffentlicht.",https://de.wikipedia.org/wiki?curid=3915541,3915541,820.802490234375,5,7,382,57,1535,"Im Jahre 2007 erhielt die schweizerische Musikerin Sophie Hunger eine Anfrage von Filmregisseur Micha Lewinsky, eine schauspielerische Leistung in seinem bevorstehenden Projekt 'Der Freund' zu erbringen. Trotz anfänglicher Ablehnung der Schauspielrolle erwog sie stattdessen einen Beitrag in der musikalischen Komposition und kollaborierte mit Marcel Vaid von Superterz zur Realisierung des Soundtracks. Ihre später doch erfolgte Mitwirkung im Film exemplifiziert eine diversifizierte Künstlerentwicklung. Die Filmveröffentlichung erfolgte schließlich im Januar 2008.","Im Jahr 2007 unterbreitete der Filmregisseur Micha Lewinsky Sophie Hunger das Angebot, in seinem anstehenden Filmprojekt 'Der Freund' eine Rolle zu übernehmen. Hunger, primär als Musikerin bekannt, lehnte die schauspielerische Beteiligung initial ab, zeigte sich jedoch bereit, die musikalische Gestaltung des Soundtracks zu übernehmen. In kollaborativer Arbeit mit Marcel Vaid, einem Mitglied von Superterz, komponierte sie die Filmmusik und entschloss sich letztendlich doch, die ihr ursprünglich angebotene Nebenrolle anzunehmen. Die Veröffentlichung des Films erfolgte im Januar 2008.",5,True,True,False,False,False,True
523648,Osterdatum,"Ostern wird im Gedenken an die Auferstehung Jesu Christi gefeiert. Zur Zeit seiner Kreuzigung und Auferstehung in Jerusalem galt im Judentum ein lunisolarer Festkalender nach biblisch fundierten Regeln, der auch für die Christen hinsichtlich des Osterfestes maßgeblich blieb. Später übernahm das Christentum das solare System des julianischen Kalenders, während die Regeln des jüdischen Kalenders im 4. Jahrhundert unter dem Patriarchen Hillel II. systematisch festgelegt wurden.",https://de.wikipedia.org/wiki?curid=27735,27735,1035.0479736328125,4,3,479,65,1566,"Ostern, das kulturell und religiös bedeutende Fest der christlichen Doktrin, commeriert die Auferstehung Christi, in einem Kontext historisch bedingter Zeitmessung. Zu Zeiten der Kreuzigung und Auferstehung Jesu wurde in Jerusalem ein lunisolarer Kalender genutzt, welcher sich an biblisch festgelegten Regeln orientierte und das Osterdatum determinierte. Im seguierenden historischen Verlauf adoptierte das Christentum das solare System des julianischen Kalenders. Parallel dazu wurde der jüdische Kalender im 4. Jahrhundert durch den Patriarchen Hillel II. in einer kodifizierten Form festgelegt.","Ostern, das kulturell und religiös bedeutende Fest der christlichen Doktrin, kommemoriert die Auferstehung Christi, in einem Kontext historisch bedingter Zeitmessung. Zu Zeiten der Kreuzigung und Auferstehung Jesu wurde in Jerusalem ein lunisolarer Kalender genutzt, welcher sich an biblisch festgelegten Regeln orientierte und das Osterdatum determinierte. Im seguierenden historischen Verlauf adoptierte das Christentum das solare System des julianischen Kalenders. Parallel dazu wurde der jüdische Kalender im 4. Jahrhundert durch den Patriarchen Hillel II. in einer kodifizierten Form festgelegt.",5,False,False,False,False,True,False
385988,Hyundai Motor Company,"Seit Juli 2009 verkaufte Hyundai in Korea das Halbhybrid-Modell Elantra LPI Hybrid, bei dem ein Elektroantrieb einen erdgasgetriebenen Ottomotor unterstützt.",https://de.wikipedia.org/wiki?curid=212587,212587,1191.122314453125,22,67,157,20,1477,"In Konsolidierung ihrer Innovationsbestrebungen führte Hyundai im Juli 2009 in Korea das Modell Elantra LPI Hybrid ein. Diese Automobileinheit integrativiert einen erdgasbetriebenen Ottomotor mit einem synchronisierten Elektroantrieb, eine bedeutende Entwicklung im Bereich der Halbhybrid-Technologien, die sowohl Reduzierung der Emissionswerte als auch Optimierung des Kraftstoffverbrauchs bezweckt.","In Konsolidierung ihrer Innovationsbestrebungen führte Hyundai im Juli 2009 in Korea das Modell Elantra LPI Hybrid ein. Diese Automobileinheit kombiniert einen erdgasbetriebenen Ottomotor mit einem synchronisierten Elektroantrieb, eine bedeutende Entwicklung im Bereich der Halbhybrid-Technologien, die sowohl Reduzierung der Emissionswerte als auch Optimierung des Kraftstoffverbrauchs bezweckt.",5,False,False,False,False,True,False
481078,Brixen,"Italienischsprachige Schulen: Für die italienische Sprachgruppe gibt es zwei Grundschulen (eine rechts des Eisack und eine in Milland) sowie die Mittelschule „Alessandro Manzoni“. An weiterführenden Schulen bestehen das Gymnasium bzw. Lyzeum „Dante Alighieri“, die Wirtschaftsfachoberschule „Falcone e Borsellino“ und die Landesberufsschule „Enrico Mattei“.",https://de.wikipedia.org/wiki?curid=94385,94385,1079.7847900390625,26,68,357,43,1540,"Im lokalen Bildungssystem sind spezifische Einrichtungen für die italienischsprachige Demographie integriert. Zwei primäre Bildungseinrichtungen positionieren sich stratifikatorisch entlang des Eisacks sowie in Milland. Die Sekundarbildung wird durch die Mittelschule 'Alessandro Manzoni' repräsentiert. Hiervon ausgehend, diversifizieren sich weiterführende Bildungsangebote in das 'Dante Alighieri' Gymnasium, die kaufmännisch orientierte 'Falcone e Borsellino' Wirtschaftsfachoberschule und die praxisbezogene 'Enrico Mattei' Landesberufsschule.","Für die italienische Sprachgemeinschaft stehen spezifische Bildungsinstitutionen zur Verfügung, darunter zwei Grundschulen, lokalisiert rechts des Eisacks und in Milland, sowie die Mittelschule 'Alessandro Manzoni'. Im sekundären Bildungssektor existieren das Gymnasium bzw. Lyzeum 'Dante Alighieri', die Wirtschaftsfachoberschule 'Falcone e Borsellino' und die Landesberufsschule 'Enrico Mattei'.",5,False,False,False,True,False,True
242213,Haussperling,"Voraussetzungen für Brutvorkommen sind die ganzjährige Verfügbarkeit von Sämereien und Getreideprodukten und geeignete Nistplätze. Optimal sind Dörfer mit Landwirtschaft, Vorstadtbezirke, Stadtzentren mit großen Parkanlagen, zoologische Gärten, Vieh- oder Geflügelfarmen und Einkaufszentren. Es werden aber auch außergewöhnliche Lebensräume besiedelt, wie beispielsweise von der Außenwelt abgeschlossene klimatisierte Flughafengebäude.",https://de.wikipedia.org/wiki?curid=217589,217589,1417.315185546875,17,126,435,46,1568,"Die erfolgreiche Ansiedlung und Vermehrung avifaunistischer Spezies ist eng mit dem ganzjährigen Zugang zu nutritiven Ressourcen, insbesondere Sämereien und Getreideprodukten, und der Verfügbarkeit optimierter Nistökotope verbunden. Präferierte Lebensräume hierfür sind agrarisch geprägte Dörfer, suburbane Regionen, Stadtzentren mit großflächigen grünen Parkanlagen, zoologische Institutionen, sowie land- und viehwirtschaftliche Betriebe. Ebenso zeigen sich Vögel anpassungsfähig gegenüber unkonventionellen Habitaten wie den klimatisierten, von externen Umwelteinflüssen isolierten Räumlichkeiten von Flughafenanlagen.","Die erfolgreiche Ansiedlung und Vermehrung avifaunistischer Spezies ist eng mit dem ganzjährigen Zugang zu nutritiven Ressourcen, insbesondere Sämereien und Getreideprodukten, und der Verfügbarkeit optimierter Nisthabitate verbunden. Präferierte Lebensräume hierfür sind agrarisch geprägte Dörfer, suburbane Regionen, Stadtzentren mit großflächigen grünen Parkanlagen, zoologische Institutionen, sowie land- und viehwirtschaftliche Betriebe. Ebenso zeigen sich Vögel anpassungsfähig gegenüber unkonventionellen Habitaten wie den klimatisierten, von externen Umwelteinflüssen isolierten Räumlichkeiten von Flughafenanlagen.",5,False,False,False,False,True,False
294647,Welfen,"Name und Besitz der Welfen gingen auf den Sohn seiner Schwester Kunigunde oder Kunizza über, die etwa zwanzig Jahre zuvor den italienischen Markgrafen Alberto Azzo II. d’Este geheiratet hatte; er ist der Stammvater der jüngeren Welfen aus dem Hause Este; dieses war ebenso wie die Welfen ursprünglich ein fränkisches Geschlecht aus dem Umkreis Karls des Großen, das er in der Lombardei mit der Verwaltung von Grafschaften betraut hatte.",https://de.wikipedia.org/wiki?curid=17927,17927,1323.455810546875,10,42,436,68,1561,"Die dynastische Kontinuität und der Grundbesitz der Welfen wurden an den Sohn von Kunigunde übertragen, einer Schwester aus der Welfendynastie, die etwa zwei Jahrzehnte zuvor eine matrimoniale Verbindung mit Alberto Azzo II. d’Este, einem Markgrafen aus dem italienischen Adelshaus Este, eingegangen war. Das Haus Este, genau wie die Welfen, hatte seine Ursprünge in der fränkischen Aristokratie und stand unter Karl dem Großen. Beide Familien wurdenaufgrund ihrer strategischen Bedeutung mit der Verwaltung von Grafschaften in der Lombardei beauftragt. Alberto gilt damit als progenitor der jüngeren Welfenlinie aus dem Hause Este.","Die dynastische Kontinuität und der Grundbesitz der Welfen wurden an den Sohn von Kunigunde übertragen, einer Schwester aus der Welfendynastie, die etwa zwei Jahrzehnte zuvor eine matrimoniale Verbindung mit Alberto Azzo II. d’Este, einem Markgrafen aus dem italienischen Adelshaus Este, eingegangen war. Das Haus Este, genau wie die Welfen, hatte seine Ursprünge in der fränkischen Aristokratie und stand unter Karl dem Großen. Beide Familien wurden aufgrund ihrer strategischen Bedeutung mit der Verwaltung von Grafschaften in der Lombardei beauftragt. Alberto gilt damit als progenitor der jüngeren Welfenlinie aus dem Hause Este.",5,False,False,False,False,True,False
711303,Hindi,"Der bloße Stamm wird vor den Hilfsverben zur Bildung von Verlaufsform und Perfekt verwendet, außerdem noch zur Bildung des tū-Imperativs (siehe Abschnitt Imperativ).",https://de.wikipedia.org/wiki?curid=26951,26951,872.761474609375,47,176,165,23,1475,"Der morphologische Kern eines Verbs, bekannt als der Stamm, wird elementar genutzt innerhalb der deutschen Sprachstruktur zur Konstitution von Verbformen für die Darstellung temporaler Aspekte wie Verlaufsform und Perfekt. Des Weiteren wird der Verbalsstamm zur Bildung des tū-Imperativs herangezogen, einer imperativen Ausdrucksform, deren genauere Charakteristika und Verwendung im Abschnitt 'Imperativ' erörtert werden.","Der bloße Stamm eines Verbs wird in Kombination mit Hilfsverben zur Konstituierung von Verlaufsform und Perfekt genutzt. Weiterhin findet er Anwendung in der Bildung des tū-Imperativs, eine Form, die detailliert im Abschnitt über Imperative behandelt wird.",5,True,False,False,True,False,True
640408,Figuren aus Die Simpsons,"Charlie ist ein Mitarbeiter im Atomkraftwerk. Er ist ein ziemlicher Pechvogel, spielt gerne mit Atommüll, wurde jedoch als Aufseher für radioaktive Strahlung ausgebildet. Einmal erwähnt er, dass er eine Schwester habe.",https://de.wikipedia.org/wiki?curid=121630,121630,927.4449462890624,19,33,218,31,1491,"Charlie, ein Angestellter im Atomkraftwerk, nimmt die Rolle des Sicherheitsbeauftragten für radioaktive Strahlung ein. Trotz seiner fundierten Ausbildung in diesem Bereich ist er dafür bekannt, gehäuft in unglückliche Situationen involviert zu sein, oft im Umgang mit radioaktiven Abfällen. Außerdem macht er gelegentlich eine Bemerkung über das Vorhandensein einer Schwester.","Charlie, ein Angestellter im Atomkraftwerk, nimmt die Rolle des Sicherheitsbeauftragten für radioaktive Strahlung ein. Trotz seiner fundierten Ausbildung in diesem Bereich ist er dafür bekannt, gehäuft in unglückliche Situationen involviert zu sein, oft im Umgang mit radioaktiven Abfällen. Außerdem machte er einmal eine Bemerkung über das Vorhandensein einer Schwester.",5,False,False,True,False,False,True
485602,John Mayer,"2002 war Mayer mit Jennifer Love Hewitt, 2007 mit Jessica Simpson liiert. Bis März 2009 war er mit Jennifer Aniston zusammen.",https://de.wikipedia.org/wiki?curid=1417273,1417273,1074.60546875,38,51,125,21,1462,"Mayer, ein bekannter Musiker, war in mehreren prominenten Beziehungen involviert, die mediale Aufmerksamkeit erregten. Im Jahr 2002 ging er eine Beziehung mit der Schauspielerin Jennifer Love Hewitt ein. Diese Beziehung wurde breit in der Presse diskutiert. Fünf Jahre später, im Jahr 2007, war er mit Jessica Simpson, einer bekannten Sängerin und Schauspielerin, liiert. Diese Beziehung dauerte bis in das Jahr 2009, wonach er eine Beziehung mit Jennifer Aniston begann, die bis März desselben Jahres anhielt. Diese Beziehungen stehen exemplarisch für Mayers öffentliches Liebesleben und dessen Resonanz in den Medien.","John Mayer, ein prominenter Musiker, war in den frühen 2000er Jahren in mehrere hochkarätige Beziehungen involviert. 2002 führte er eine Beziehung mit der Schauspielerin Jennifer Love Hewitt. Diese Phase endete, und im Jahr 2007 begann er eine Beziehung mit Jessica Simpson, einer Sängerin und Schauspielerin. Seine letzte öffentlich bekannte Beziehung mit Jennifer Aniston, ebenfalls eine renommierte Schauspielerin, dauerte bis März 2009.",5,True,False,False,False,False,True
363508,Burning Man,Wegen der COVID-19-Pandemie in den Vereinigten Staaten wurde die Veranstaltung 2020 und 2021 abgesagt.,https://de.wikipedia.org/wiki?curid=310757,310757,1222.605712890625,4,32,102,14,1460,Im Kontext der COVID-19-Pandemie in den Vereinigten Staaten wurden die für 2020 und 2021 vorgesehenen Veranstaltungen abgesagt.,Im Kontext der COVID-19-Pandemie in den Vereinigten Staaten wurde die für 2020 und 2021 vorgesehene Veranstaltung abgesagt.,5,False,False,True,False,False,False
572396,Turingmaschine,"Die Turingmaschine führt eine Berechnung aus, indem sie schrittweise eine Eingabe in eine Ausgabe umwandelt. Ein-, Ausgabe und Zwischenergebnisse werden auf dem unendlich langen Band gespeichert.",https://de.wikipedia.org/wiki?curid=5207,5207,988.0462036132812,32,62,195,26,1480,"Die Turingmaschine operationalisiert Algorithmen, indem sie sequentiell eine Eingabe in eine Ausgabe transformiert. Datenzustände, inclusive initialen, intermediären und finalen Ergebnissen, werden kontinuierlich auf einem unendlich ausdehnbaren Speichermedium, dem Band, archiviert.","Die Turingmaschine operationalisiert Algorithmen, indem sie sequentiell eine Eingabe in eine Ausgabe transformiert. Datenzustände, inklusive initialen, intermediären und finalen Ergebnissen, werden kontinuierlich auf einem unendlich ausdehnbaren Speichermedium, dem Band, archiviert.",5,False,False,False,False,True,False
